variant1,variant2,class1,class2,pathogenic_count,mod_group,risk,bucket1,bucket2
...,...,responsive_ivacaftor,responsive_ivacaftor,2,3,CF positive,pathogenic_like,pathogenic_like
...,1717-1G->A,responsive_ivacaftor,uncertain,1,3,risk uncertain,pathogenic_like,uncertain
...,1898+1G->A,responsive_ivacaftor,uncertain,1,3,risk uncertain,pathogenic_like,uncertain
...,621+1G->T,responsive_ivacaftor,pathogenic,2,3,CF positive,pathogenic_like,pathogenic_like
...,D1152H,responsive_ivacaftor,responsive_ETI,2,3,CF positive,pathogenic_like,pathogenic_like
...,F508C,responsive_ivacaftor,responsive_ETI,2,3,CF positive,pathogenic_like,pathogenic_like
...,F508del,responsive_ivacaftor,pathogenic,2,2,CF positive,pathogenic_like,pathogenic_like
...,G1244E,responsive_ivacaftor,responsive_ivacaftor,2,3,CF positive,pathogenic_like,pathogenic_like
...,G1349D,responsive_ivacaftor,responsive_ivacaftor,2,3,CF positive,pathogenic_like,pathogenic_like
...,G178R,responsive_ivacaftor,responsive_ivacaftor,2,3,CF positive,pathogenic_like,pathogenic_like
...,G542X,responsive_ivacaftor,pathogenic,2,3,CF positive,pathogenic_like,pathogenic_like
...,G551D,responsive_ivacaftor,responsive_ivacaftor,2,3,CF positive,pathogenic_like,pathogenic_like
...,N1303K,responsive_ivacaftor,pathogenic,2,3,CF positive,pathogenic_like,pathogenic_like
...,P67L,responsive_ivacaftor,uncertain,1,3,risk uncertain,pathogenic_like,uncertain
...,R1070W,responsive_ivacaftor,responsive_ETI,2,3,CF positive,pathogenic_like,pathogenic_like
...,R117C,responsive_ivacaftor,responsive_ivacaftor,2,3,CF positive,pathogenic_like,pathogenic_like
...,R117H,responsive_ivacaftor,responsive_ivacaftor,2,3,CF positive,pathogenic_like,pathogenic_like
...,R117L,responsive_ivacaftor,responsive_ivacaftor,2,3,CF positive,pathogenic_like,pathogenic_like
...,R334W,responsive_ivacaftor,responsive_ETI,2,3,CF positive,pathogenic_like,pathogenic_like
...,R347H,responsive_ivacaftor,responsive_ivacaftor,2,3,CF positive,pathogenic_like,pathogenic_like
...,R347P,responsive_ivacaftor,responsive_ivacaftor,2,3,CF positive,pathogenic_like,pathogenic_like
...,S1251N,responsive_ivacaftor,responsive_ivacaftor,2,3,CF positive,pathogenic_like,pathogenic_like
...,S549N,responsive_ivacaftor,responsive_ivacaftor,2,3,CF positive,pathogenic_like,pathogenic_like
...,S549R,responsive_ivacaftor,responsive_ETI,2,3,CF positive,pathogenic_like,pathogenic_like
...,S945L,responsive_ivacaftor,responsive_ETI,2,3,CF positive,pathogenic_like,pathogenic_like
1717-1G->A,1717-1G->A,uncertain,uncertain,0,5,CF negative / carrier,uncertain,uncertain
1717-1G->A,1898+1G->A,uncertain,uncertain,0,5,CF negative / carrier,uncertain,uncertain
1717-1G->A,621+1G->T,uncertain,pathogenic,1,5,risk uncertain,uncertain,pathogenic_like
1717-1G->A,D1152H,uncertain,responsive_ETI,1,3,risk uncertain,uncertain,pathogenic_like
1717-1G->A,F508C,uncertain,responsive_ETI,1,3,risk uncertain,uncertain,pathogenic_like
1717-1G->A,F508del,uncertain,pathogenic,1,2,risk uncertain,uncertain,pathogenic_like
1717-1G->A,G1244E,uncertain,responsive_ivacaftor,1,3,risk uncertain,uncertain,pathogenic_like
1717-1G->A,G1349D,uncertain,responsive_ivacaftor,1,4,risk uncertain,uncertain,pathogenic_like
1717-1G->A,G178R,uncertain,responsive_ivacaftor,1,4,risk uncertain,uncertain,pathogenic_like
1717-1G->A,G542X,uncertain,pathogenic,1,5,risk uncertain,uncertain,pathogenic_like
1717-1G->A,G551D,uncertain,responsive_ivacaftor,1,3,risk uncertain,uncertain,pathogenic_like
1717-1G->A,N1303K,uncertain,pathogenic,1,5,risk uncertain,uncertain,pathogenic_like
1717-1G->A,P67L,uncertain,uncertain,0,5,CF negative / carrier,uncertain,uncertain
1717-1G->A,R1070W,uncertain,responsive_ETI,1,3,risk uncertain,uncertain,pathogenic_like
1717-1G->A,R117C,uncertain,responsive_ivacaftor,1,4,risk uncertain,uncertain,pathogenic_like
1717-1G->A,R117H,uncertain,responsive_ivacaftor,1,3,risk uncertain,uncertain,pathogenic_like
1717-1G->A,R117L,uncertain,responsive_ivacaftor,1,4,risk uncertain,uncertain,pathogenic_like
1717-1G->A,R334W,uncertain,responsive_ETI,1,3,risk uncertain,uncertain,pathogenic_like
1717-1G->A,R347H,uncertain,responsive_ivacaftor,1,3,risk uncertain,uncertain,pathogenic_like
1717-1G->A,R347P,uncertain,responsive_ivacaftor,1,4,risk uncertain,uncertain,pathogenic_like
1717-1G->A,S1251N,uncertain,responsive_ivacaftor,1,3,risk uncertain,uncertain,pathogenic_like
1717-1G->A,S549N,uncertain,responsive_ivacaftor,1,3,risk uncertain,uncertain,pathogenic_like
1717-1G->A,S549R,uncertain,responsive_ETI,1,3,risk uncertain,uncertain,pathogenic_like
1717-1G->A,S945L,uncertain,responsive_ETI,1,3,risk uncertain,uncertain,pathogenic_like
1898+1G->A,1898+1G->A,uncertain,uncertain,0,5,CF negative / carrier,uncertain,uncertain
1898+1G->A,621+1G->T,uncertain,pathogenic,1,5,risk uncertain,uncertain,pathogenic_like
1898+1G->A,D1152H,uncertain,responsive_ETI,1,3,risk uncertain,uncertain,pathogenic_like
1898+1G->A,F508C,uncertain,responsive_ETI,1,3,risk uncertain,uncertain,pathogenic_like
1898+1G->A,F508del,uncertain,pathogenic,1,2,risk uncertain,uncertain,pathogenic_like
1898+1G->A,G1244E,uncertain,responsive_ivacaftor,1,3,risk uncertain,uncertain,pathogenic_like
1898+1G->A,G1349D,uncertain,responsive_ivacaftor,1,4,risk uncertain,uncertain,pathogenic_like
1898+1G->A,G178R,uncertain,responsive_ivacaftor,1,4,risk uncertain,uncertain,pathogenic_like
1898+1G->A,G542X,uncertain,pathogenic,1,5,risk uncertain,uncertain,pathogenic_like
1898+1G->A,G551D,uncertain,responsive_ivacaftor,1,3,risk uncertain,uncertain,pathogenic_like
1898+1G->A,N1303K,uncertain,pathogenic,1,5,risk uncertain,uncertain,pathogenic_like
1898+1G->A,P67L,uncertain,uncertain,0,5,CF negative / carrier,uncertain,uncertain
1898+1G->A,R1070W,uncertain,responsive_ETI,1,3,risk uncertain,uncertain,pathogenic_like
1898+1G->A,R117C,uncertain,responsive_ivacaftor,1,4,risk uncertain,uncertain,pathogenic_like
1898+1G->A,R117H,uncertain,responsive_ivacaftor,1,3,risk uncertain,uncertain,pathogenic_like
1898+1G->A,R117L,uncertain,responsive_ivacaftor,1,4,risk uncertain,uncertain,pathogenic_like
1898+1G->A,R334W,uncertain,responsive_ETI,1,3,risk uncertain,uncertain,pathogenic_like
1898+1G->A,R347H,uncertain,responsive_ivacaftor,1,3,risk uncertain,uncertain,pathogenic_like
1898+1G->A,R347P,uncertain,responsive_ivacaftor,1,4,risk uncertain,uncertain,pathogenic_like
1898+1G->A,S1251N,uncertain,responsive_ivacaftor,1,3,risk uncertain,uncertain,pathogenic_like
1898+1G->A,S549N,uncertain,responsive_ivacaftor,1,3,risk uncertain,uncertain,pathogenic_like
1898+1G->A,S549R,uncertain,responsive_ETI,1,3,risk uncertain,uncertain,pathogenic_like
1898+1G->A,S945L,uncertain,responsive_ETI,1,3,risk uncertain,uncertain,pathogenic_like
621+1G->T,621+1G->T,pathogenic,pathogenic,2,5,CF positive,pathogenic_like,pathogenic_like
621+1G->T,D1152H,pathogenic,responsive_ETI,2,3,CF positive,pathogenic_like,pathogenic_like
621+1G->T,F508C,pathogenic,responsive_ETI,2,3,CF positive,pathogenic_like,pathogenic_like
621+1G->T,F508del,pathogenic,pathogenic,2,2,CF positive,pathogenic_like,pathogenic_like
621+1G->T,G1244E,pathogenic,responsive_ivacaftor,2,3,CF positive,pathogenic_like,pathogenic_like
621+1G->T,G1349D,pathogenic,responsive_ivacaftor,2,4,CF positive,pathogenic_like,pathogenic_like
621+1G->T,G178R,pathogenic,responsive_ivacaftor,2,4,CF positive,pathogenic_like,pathogenic_like
621+1G->T,G542X,pathogenic,pathogenic,2,5,CF positive,pathogenic_like,pathogenic_like
621+1G->T,G551D,pathogenic,responsive_ivacaftor,2,3,CF positive,pathogenic_like,pathogenic_like
621+1G->T,N1303K,pathogenic,pathogenic,2,5,CF positive,pathogenic_like,pathogenic_like
621+1G->T,P67L,pathogenic,uncertain,1,5,risk uncertain,pathogenic_like,uncertain
621+1G->T,R1070W,pathogenic,responsive_ETI,2,3,CF positive,pathogenic_like,pathogenic_like
621+1G->T,R117C,pathogenic,responsive_ivacaftor,2,4,CF positive,pathogenic_like,pathogenic_like
621+1G->T,R117H,pathogenic,responsive_ivacaftor,2,3,CF positive,pathogenic_like,pathogenic_like
621+1G->T,R117L,pathogenic,responsive_ivacaftor,2,4,CF positive,pathogenic_like,pathogenic_like
621+1G->T,R334W,pathogenic,responsive_ETI,2,3,CF positive,pathogenic_like,pathogenic_like
621+1G->T,R347H,pathogenic,responsive_ivacaftor,2,3,CF positive,pathogenic_like,pathogenic_like
621+1G->T,R347P,pathogenic,responsive_ivacaftor,2,4,CF positive,pathogenic_like,pathogenic_like
621+1G->T,S1251N,pathogenic,responsive_ivacaftor,2,3,CF positive,pathogenic_like,pathogenic_like
621+1G->T,S549N,pathogenic,responsive_ivacaftor,2,3,CF positive,pathogenic_like,pathogenic_like
621+1G->T,S549R,pathogenic,responsive_ETI,2,3,CF positive,pathogenic_like,pathogenic_like
621+1G->T,S945L,pathogenic,responsive_ETI,2,3,CF positive,pathogenic_like,pathogenic_like
D1152H,D1152H,responsive_ETI,responsive_ETI,2,3,CF positive,pathogenic_like,pathogenic_like
D1152H,F508C,responsive_ETI,responsive_ETI,2,3,CF positive,pathogenic_like,pathogenic_like
D1152H,F508del,responsive_ETI,pathogenic,2,2,CF positive,pathogenic_like,pathogenic_like
D1152H,G1244E,responsive_ETI,responsive_ivacaftor,2,3,CF positive,pathogenic_like,pathogenic_like
D1152H,G1349D,responsive_ETI,responsive_ivacaftor,2,3,CF positive,pathogenic_like,pathogenic_like
D1152H,G178R,responsive_ETI,responsive_ivacaftor,2,3,CF positive,pathogenic_like,pathogenic_like
D1152H,G542X,responsive_ETI,pathogenic,2,3,CF positive,pathogenic_like,pathogenic_like
D1152H,G551D,responsive_ETI,responsive_ivacaftor,2,3,CF positive,pathogenic_like,pathogenic_like
D1152H,N1303K,responsive_ETI,pathogenic,2,3,CF positive,pathogenic_like,pathogenic_like
D1152H,P67L,responsive_ETI,uncertain,1,3,risk uncertain,pathogenic_like,uncertain
D1152H,R1070W,responsive_ETI,responsive_ETI,2,3,CF positive,pathogenic_like,pathogenic_like
D1152H,R117C,responsive_ETI,responsive_ivacaftor,2,3,CF positive,pathogenic_like,pathogenic_like
D1152H,R117H,responsive_ETI,responsive_ivacaftor,2,3,CF positive,pathogenic_like,pathogenic_like
D1152H,R117L,responsive_ETI,responsive_ivacaftor,2,3,CF positive,pathogenic_like,pathogenic_like
D1152H,R334W,responsive_ETI,responsive_ETI,2,3,CF positive,pathogenic_like,pathogenic_like
D1152H,R347H,responsive_ETI,responsive_ivacaftor,2,3,CF positive,pathogenic_like,pathogenic_like
D1152H,R347P,responsive_ETI,responsive_ivacaftor,2,3,CF positive,pathogenic_like,pathogenic_like
D1152H,S1251N,responsive_ETI,responsive_ivacaftor,2,3,CF positive,pathogenic_like,pathogenic_like
D1152H,S549N,responsive_ETI,responsive_ivacaftor,2,3,CF positive,pathogenic_like,pathogenic_like
D1152H,S549R,responsive_ETI,responsive_ETI,2,3,CF positive,pathogenic_like,pathogenic_like
D1152H,S945L,responsive_ETI,responsive_ETI,2,3,CF positive,pathogenic_like,pathogenic_like
F508C,F508C,responsive_ETI,responsive_ETI,2,3,CF positive,pathogenic_like,pathogenic_like
F508C,F508del,responsive_ETI,pathogenic,2,2,CF positive,pathogenic_like,pathogenic_like
F508C,G1244E,responsive_ETI,responsive_ivacaftor,2,3,CF positive,pathogenic_like,pathogenic_like
F508C,G1349D,responsive_ETI,responsive_ivacaftor,2,3,CF positive,pathogenic_like,pathogenic_like
F508C,G178R,responsive_ETI,responsive_ivacaftor,2,3,CF positive,pathogenic_like,pathogenic_like
F508C,G542X,responsive_ETI,pathogenic,2,3,CF positive,pathogenic_like,pathogenic_like
F508C,G551D,responsive_ETI,responsive_ivacaftor,2,3,CF positive,pathogenic_like,pathogenic_like
F508C,N1303K,responsive_ETI,pathogenic,2,3,CF positive,pathogenic_like,pathogenic_like
F508C,P67L,responsive_ETI,uncertain,1,3,risk uncertain,pathogenic_like,uncertain
F508C,R1070W,responsive_ETI,responsive_ETI,2,3,CF positive,pathogenic_like,pathogenic_like
F508C,R117C,responsive_ETI,responsive_ivacaftor,2,3,CF positive,pathogenic_like,pathogenic_like
F508C,R117H,responsive_ETI,responsive_ivacaftor,2,3,CF positive,pathogenic_like,pathogenic_like
F508C,R117L,responsive_ETI,responsive_ivacaftor,2,3,CF positive,pathogenic_like,pathogenic_like
F508C,R334W,responsive_ETI,responsive_ETI,2,3,CF positive,pathogenic_like,pathogenic_like
F508C,R347H,responsive_ETI,responsive_ivacaftor,2,3,CF positive,pathogenic_like,pathogenic_like
F508C,R347P,responsive_ETI,responsive_ivacaftor,2,3,CF positive,pathogenic_like,pathogenic_like
F508C,S1251N,responsive_ETI,responsive_ivacaftor,2,3,CF positive,pathogenic_like,pathogenic_like
F508C,S549N,responsive_ETI,responsive_ivacaftor,2,3,CF positive,pathogenic_like,pathogenic_like
F508C,S549R,responsive_ETI,responsive_ETI,2,3,CF positive,pathogenic_like,pathogenic_like
F508C,S945L,responsive_ETI,responsive_ETI,2,3,CF positive,pathogenic_like,pathogenic_like
F508del,F508del,pathogenic,pathogenic,2,1,CF positive,pathogenic_like,pathogenic_like
F508del,G1244E,pathogenic,responsive_ivacaftor,2,2,CF positive,pathogenic_like,pathogenic_like
F508del,G1349D,pathogenic,responsive_ivacaftor,2,2,CF positive,pathogenic_like,pathogenic_like
F508del,G178R,pathogenic,responsive_ivacaftor,2,2,CF positive,pathogenic_like,pathogenic_like
F508del,G542X,pathogenic,pathogenic,2,2,CF positive,pathogenic_like,pathogenic_like
F508del,G551D,pathogenic,responsive_ivacaftor,2,2,CF positive,pathogenic_like,pathogenic_like
F508del,N1303K,pathogenic,pathogenic,2,2,CF positive,pathogenic_like,pathogenic_like
F508del,P67L,pathogenic,uncertain,1,2,risk uncertain,pathogenic_like,uncertain
F508del,R1070W,pathogenic,responsive_ETI,2,2,CF positive,pathogenic_like,pathogenic_like
F508del,R117C,pathogenic,responsive_ivacaftor,2,2,CF positive,pathogenic_like,pathogenic_like
F508del,R117H,pathogenic,responsive_ivacaftor,2,2,CF positive,pathogenic_like,pathogenic_like
F508del,R117L,pathogenic,responsive_ivacaftor,2,2,CF positive,pathogenic_like,pathogenic_like
F508del,R334W,pathogenic,responsive_ETI,2,2,CF positive,pathogenic_like,pathogenic_like
F508del,R347H,pathogenic,responsive_ivacaftor,2,2,CF positive,pathogenic_like,pathogenic_like
F508del,R347P,pathogenic,responsive_ivacaftor,2,2,CF positive,pathogenic_like,pathogenic_like
F508del,S1251N,pathogenic,responsive_ivacaftor,2,2,CF positive,pathogenic_like,pathogenic_like
F508del,S549N,pathogenic,responsive_ivacaftor,2,2,CF positive,pathogenic_like,pathogenic_like
F508del,S549R,pathogenic,responsive_ETI,2,2,CF positive,pathogenic_like,pathogenic_like
F508del,S945L,pathogenic,responsive_ETI,2,2,CF positive,pathogenic_like,pathogenic_like
G1244E,G1244E,responsive_ivacaftor,responsive_ivacaftor,2,3,CF positive,pathogenic_like,pathogenic_like
G1244E,G1349D,responsive_ivacaftor,responsive_ivacaftor,2,3,CF positive,pathogenic_like,pathogenic_like
G1244E,G178R,responsive_ivacaftor,responsive_ivacaftor,2,3,CF positive,pathogenic_like,pathogenic_like
G1244E,G542X,responsive_ivacaftor,pathogenic,2,3,CF positive,pathogenic_like,pathogenic_like
G1244E,G551D,responsive_ivacaftor,responsive_ivacaftor,2,3,CF positive,pathogenic_like,pathogenic_like
G1244E,N1303K,responsive_ivacaftor,pathogenic,2,3,CF positive,pathogenic_like,pathogenic_like
G1244E,P67L,responsive_ivacaftor,uncertain,1,3,risk uncertain,pathogenic_like,uncertain
G1244E,R1070W,responsive_ivacaftor,responsive_ETI,2,3,CF positive,pathogenic_like,pathogenic_like
G1244E,R117C,responsive_ivacaftor,responsive_ivacaftor,2,3,CF positive,pathogenic_like,pathogenic_like
G1244E,R117H,responsive_ivacaftor,responsive_ivacaftor,2,3,CF positive,pathogenic_like,pathogenic_like
G1244E,R117L,responsive_ivacaftor,responsive_ivacaftor,2,3,CF positive,pathogenic_like,pathogenic_like
G1244E,R334W,responsive_ivacaftor,responsive_ETI,2,3,CF positive,pathogenic_like,pathogenic_like
G1244E,R347H,responsive_ivacaftor,responsive_ivacaftor,2,3,CF positive,pathogenic_like,pathogenic_like
G1244E,R347P,responsive_ivacaftor,responsive_ivacaftor,2,3,CF positive,pathogenic_like,pathogenic_like
G1244E,S1251N,responsive_ivacaftor,responsive_ivacaftor,2,3,CF positive,pathogenic_like,pathogenic_like
G1244E,S549N,responsive_ivacaftor,responsive_ivacaftor,2,3,CF positive,pathogenic_like,pathogenic_like
G1244E,S549R,responsive_ivacaftor,responsive_ETI,2,3,CF positive,pathogenic_like,pathogenic_like
G1244E,S945L,responsive_ivacaftor,responsive_ETI,2,3,CF positive,pathogenic_like,pathogenic_like
G1349D,G1349D,responsive_ivacaftor,responsive_ivacaftor,2,4,CF positive,pathogenic_like,pathogenic_like
G1349D,G178R,responsive_ivacaftor,responsive_ivacaftor,2,4,CF positive,pathogenic_like,pathogenic_like
G1349D,G542X,responsive_ivacaftor,pathogenic,2,4,CF positive,pathogenic_like,pathogenic_like
G1349D,G551D,responsive_ivacaftor,responsive_ivacaftor,2,3,CF positive,pathogenic_like,pathogenic_like
G1349D,N1303K,responsive_ivacaftor,pathogenic,2,4,CF positive,pathogenic_like,pathogenic_like
G1349D,P67L,responsive_ivacaftor,uncertain,1,4,risk uncertain,pathogenic_like,uncertain
G1349D,R1070W,responsive_ivacaftor,responsive_ETI,2,3,CF positive,pathogenic_like,pathogenic_like
G1349D,R117C,responsive_ivacaftor,responsive_ivacaftor,2,4,CF positive,pathogenic_like,pathogenic_like
G1349D,R117H,responsive_ivacaftor,responsive_ivacaftor,2,3,CF positive,pathogenic_like,pathogenic_like
G1349D,R117L,responsive_ivacaftor,responsive_ivacaftor,2,4,CF positive,pathogenic_like,pathogenic_like
G1349D,R334W,responsive_ivacaftor,responsive_ETI,2,3,CF positive,pathogenic_like,pathogenic_like
G1349D,R347H,responsive_ivacaftor,responsive_ivacaftor,2,3,CF positive,pathogenic_like,pathogenic_like
G1349D,R347P,responsive_ivacaftor,responsive_ivacaftor,2,4,CF positive,pathogenic_like,pathogenic_like
G1349D,S1251N,responsive_ivacaftor,responsive_ivacaftor,2,3,CF positive,pathogenic_like,pathogenic_like
G1349D,S549N,responsive_ivacaftor,responsive_ivacaftor,2,3,CF positive,pathogenic_like,pathogenic_like
G1349D,S549R,responsive_ivacaftor,responsive_ETI,2,3,CF positive,pathogenic_like,pathogenic_like
G1349D,S945L,responsive_ivacaftor,responsive_ETI,2,3,CF positive,pathogenic_like,pathogenic_like
G178R,G178R,responsive_ivacaftor,responsive_ivacaftor,2,4,CF positive,pathogenic_like,pathogenic_like
G178R,G542X,responsive_ivacaftor,pathogenic,2,4,CF positive,pathogenic_like,pathogenic_like
G178R,G551D,responsive_ivacaftor,responsive_ivacaftor,2,3,CF positive,pathogenic_like,pathogenic_like
G178R,N1303K,responsive_ivacaftor,pathogenic,2,4,CF positive,pathogenic_like,pathogenic_like
G178R,P67L,responsive_ivacaftor,uncertain,1,4,risk uncertain,pathogenic_like,uncertain
G178R,R1070W,responsive_ivacaftor,responsive_ETI,2,3,CF positive,pathogenic_like,pathogenic_like
G178R,R117C,responsive_ivacaftor,responsive_ivacaftor,2,4,CF positive,pathogenic_like,pathogenic_like
G178R,R117H,responsive_ivacaftor,responsive_ivacaftor,2,3,CF positive,pathogenic_like,pathogenic_like
G178R,R117L,responsive_ivacaftor,responsive_ivacaftor,2,4,CF positive,pathogenic_like,pathogenic_like
G178R,R334W,responsive_ivacaftor,responsive_ETI,2,3,CF positive,pathogenic_like,pathogenic_like
G178R,R347H,responsive_ivacaftor,responsive_ivacaftor,2,3,CF positive,pathogenic_like,pathogenic_like
G178R,R347P,responsive_ivacaftor,responsive_ivacaftor,2,4,CF positive,pathogenic_like,pathogenic_like
G178R,S1251N,responsive_ivacaftor,responsive_ivacaftor,2,3,CF positive,pathogenic_like,pathogenic_like
G178R,S549N,responsive_ivacaftor,responsive_ivacaftor,2,3,CF positive,pathogenic_like,pathogenic_like
G178R,S549R,responsive_ivacaftor,responsive_ETI,2,3,CF positive,pathogenic_like,pathogenic_like
G178R,S945L,responsive_ivacaftor,responsive_ETI,2,3,CF positive,pathogenic_like,pathogenic_like
G542X,G542X,pathogenic,pathogenic,2,5,CF positive,pathogenic_like,pathogenic_like
G542X,G551D,pathogenic,responsive_ivacaftor,2,3,CF positive,pathogenic_like,pathogenic_like
G542X,N1303K,pathogenic,pathogenic,2,5,CF positive,pathogenic_like,pathogenic_like
G542X,P67L,pathogenic,uncertain,1,5,risk uncertain,pathogenic_like,uncertain
G542X,R1070W,pathogenic,responsive_ETI,2,3,CF positive,pathogenic_like,pathogenic_like
G542X,R117C,pathogenic,responsive_ivacaftor,2,4,CF positive,pathogenic_like,pathogenic_like
G542X,R117H,pathogenic,responsive_ivacaftor,2,3,CF positive,pathogenic_like,pathogenic_like
G542X,R117L,pathogenic,responsive_ivacaftor,2,4,CF positive,pathogenic_like,pathogenic_like
G542X,R334W,pathogenic,responsive_ETI,2,3,CF positive,pathogenic_like,pathogenic_like
G542X,R347H,pathogenic,responsive_ivacaftor,2,3,CF positive,pathogenic_like,pathogenic_like
G542X,R347P,pathogenic,responsive_ivacaftor,2,4,CF positive,pathogenic_like,pathogenic_like
G542X,S1251N,pathogenic,responsive_ivacaftor,2,3,CF positive,pathogenic_like,pathogenic_like
G542X,S549N,pathogenic,responsive_ivacaftor,2,3,CF positive,pathogenic_like,pathogenic_like
G542X,S549R,pathogenic,responsive_ETI,2,3,CF positive,pathogenic_like,pathogenic_like
G542X,S945L,pathogenic,responsive_ETI,2,3,CF positive,pathogenic_like,pathogenic_like
G551D,G551D,responsive_ivacaftor,responsive_ivacaftor,2,3,CF positive,pathogenic_like,pathogenic_like
G551D,N1303K,responsive_ivacaftor,pathogenic,2,3,CF positive,pathogenic_like,pathogenic_like
G551D,P67L,responsive_ivacaftor,uncertain,1,3,risk uncertain,pathogenic_like,uncertain
G551D,R1070W,responsive_ivacaftor,responsive_ETI,2,3,CF positive,pathogenic_like,pathogenic_like
G551D,R117C,responsive_ivacaftor,responsive_ivacaftor,2,3,CF positive,pathogenic_like,pathogenic_like
G551D,R117H,responsive_ivacaftor,responsive_ivacaftor,2,3,CF positive,pathogenic_like,pathogenic_like
G551D,R117L,responsive_ivacaftor,responsive_ivacaftor,2,3,CF positive,pathogenic_like,pathogenic_like
G551D,R334W,responsive_ivacaftor,responsive_ETI,2,3,CF positive,pathogenic_like,pathogenic_like
G551D,R347H,responsive_ivacaftor,responsive_ivacaftor,2,3,CF positive,pathogenic_like,pathogenic_like
G551D,R347P,responsive_ivacaftor,responsive_ivacaftor,2,3,CF positive,pathogenic_like,pathogenic_like
G551D,S1251N,responsive_ivacaftor,responsive_ivacaftor,2,3,CF positive,pathogenic_like,pathogenic_like
G551D,S549N,responsive_ivacaftor,responsive_ivacaftor,2,3,CF positive,pathogenic_like,pathogenic_like
G551D,S549R,responsive_ivacaftor,responsive_ETI,2,3,CF positive,pathogenic_like,pathogenic_like
G551D,S945L,responsive_ivacaftor,responsive_ETI,2,3,CF positive,pathogenic_like,pathogenic_like
N1303K,N1303K,pathogenic,pathogenic,2,5,CF positive,pathogenic_like,pathogenic_like
N1303K,P67L,pathogenic,uncertain,1,5,risk uncertain,pathogenic_like,uncertain
N1303K,R1070W,pathogenic,responsive_ETI,2,3,CF positive,pathogenic_like,pathogenic_like
N1303K,R117C,pathogenic,responsive_ivacaftor,2,4,CF positive,pathogenic_like,pathogenic_like
N1303K,R117H,pathogenic,responsive_ivacaftor,2,3,CF positive,pathogenic_like,pathogenic_like
N1303K,R117L,pathogenic,responsive_ivacaftor,2,4,CF positive,pathogenic_like,pathogenic_like
N1303K,R334W,pathogenic,responsive_ETI,2,3,CF positive,pathogenic_like,pathogenic_like
N1303K,R347H,pathogenic,responsive_ivacaftor,2,3,CF positive,pathogenic_like,pathogenic_like
N1303K,R347P,pathogenic,responsive_ivacaftor,2,4,CF positive,pathogenic_like,pathogenic_like
N1303K,S1251N,pathogenic,responsive_ivacaftor,2,3,CF positive,pathogenic_like,pathogenic_like
N1303K,S549N,pathogenic,responsive_ivacaftor,2,3,CF positive,pathogenic_like,pathogenic_like
N1303K,S549R,pathogenic,responsive_ETI,2,3,CF positive,pathogenic_like,pathogenic_like
N1303K,S945L,pathogenic,responsive_ETI,2,3,CF positive,pathogenic_like,pathogenic_like
P67L,P67L,uncertain,uncertain,0,5,CF negative / carrier,uncertain,uncertain
P67L,R1070W,uncertain,responsive_ETI,1,3,risk uncertain,uncertain,pathogenic_like
P67L,R117C,uncertain,responsive_ivacaftor,1,4,risk uncertain,uncertain,pathogenic_like
P67L,R117H,uncertain,responsive_ivacaftor,1,3,risk uncertain,uncertain,pathogenic_like
P67L,R117L,uncertain,responsive_ivacaftor,1,4,risk uncertain,uncertain,pathogenic_like
P67L,R334W,uncertain,responsive_ETI,1,3,risk uncertain,uncertain,pathogenic_like
P67L,R347H,uncertain,responsive_ivacaftor,1,3,risk uncertain,uncertain,pathogenic_like
P67L,R347P,uncertain,responsive_ivacaftor,1,4,risk uncertain,uncertain,pathogenic_like
P67L,S1251N,uncertain,responsive_ivacaftor,1,3,risk uncertain,uncertain,pathogenic_like
P67L,S549N,uncertain,responsive_ivacaftor,1,3,risk uncertain,uncertain,pathogenic_like
P67L,S549R,uncertain,responsive_ETI,1,3,risk uncertain,uncertain,pathogenic_like
P67L,S945L,uncertain,responsive_ETI,1,3,risk uncertain,uncertain,pathogenic_like
R1070W,R1070W,responsive_ETI,responsive_ETI,2,3,CF positive,pathogenic_like,pathogenic_like
R1070W,R117C,responsive_ETI,responsive_ivacaftor,2,3,CF positive,pathogenic_like,pathogenic_like
R1070W,R117H,responsive_ETI,responsive_ivacaftor,2,3,CF positive,pathogenic_like,pathogenic_like
R1070W,R117L,responsive_ETI,responsive_ivacaftor,2,3,CF positive,pathogenic_like,pathogenic_like
R1070W,R334W,responsive_ETI,responsive_ETI,2,3,CF positive,pathogenic_like,pathogenic_like
R1070W,R347H,responsive_ETI,responsive_ivacaftor,2,3,CF positive,pathogenic_like,pathogenic_like
R1070W,R347P,responsive_ETI,responsive_ivacaftor,2,3,CF positive,pathogenic_like,pathogenic_like
R1070W,S1251N,responsive_ETI,responsive_ivacaftor,2,3,CF positive,pathogenic_like,pathogenic_like
R1070W,S549N,responsive_ETI,responsive_ivacaftor,2,3,CF positive,pathogenic_like,pathogenic_like
R1070W,S549R,responsive_ETI,responsive_ETI,2,3,CF positive,pathogenic_like,pathogenic_like
R1070W,S945L,responsive_ETI,responsive_ETI,2,3,CF positive,pathogenic_like,pathogenic_like
R117C,R117C,responsive_ivacaftor,responsive_ivacaftor,2,4,CF positive,pathogenic_like,pathogenic_like
R117C,R117H,responsive_ivacaftor,responsive_ivacaftor,2,3,CF positive,pathogenic_like,pathogenic_like
R117C,R117L,responsive_ivacaftor,responsive_ivacaftor,2,4,CF positive,pathogenic_like,pathogenic_like
R117C,R334W,responsive_ivacaftor,responsive_ETI,2,3,CF positive,pathogenic_like,pathogenic_like
R117C,R347H,responsive_ivacaftor,responsive_ivacaftor,2,3,CF positive,pathogenic_like,pathogenic_like
R117C,R347P,responsive_ivacaftor,responsive_ivacaftor,2,4,CF positive,pathogenic_like,pathogenic_like
R117C,S1251N,responsive_ivacaftor,responsive_ivacaftor,2,3,CF positive,pathogenic_like,pathogenic_like
R117C,S549N,responsive_ivacaftor,responsive_ivacaftor,2,3,CF positive,pathogenic_like,pathogenic_like
R117C,S549R,responsive_ivacaftor,responsive_ETI,2,3,CF positive,pathogenic_like,pathogenic_like
R117C,S945L,responsive_ivacaftor,responsive_ETI,2,3,CF positive,pathogenic_like,pathogenic_like
R117H,R117H,responsive_ivacaftor,responsive_ivacaftor,2,3,CF positive,pathogenic_like,pathogenic_like
R117H,R117L,responsive_ivacaftor,responsive_ivacaftor,2,3,CF positive,pathogenic_like,pathogenic_like
R117H,R334W,responsive_ivacaftor,responsive_ETI,2,3,CF positive,pathogenic_like,pathogenic_like
R117H,R347H,responsive_ivacaftor,responsive_ivacaftor,2,3,CF positive,pathogenic_like,pathogenic_like
R117H,R347P,responsive_ivacaftor,responsive_ivacaftor,2,3,CF positive,pathogenic_like,pathogenic_like
R117H,S1251N,responsive_ivacaftor,responsive_ivacaftor,2,3,CF positive,pathogenic_like,pathogenic_like
R117H,S549N,responsive_ivacaftor,responsive_ivacaftor,2,3,CF positive,pathogenic_like,pathogenic_like
R117H,S549R,responsive_ivacaftor,responsive_ETI,2,3,CF positive,pathogenic_like,pathogenic_like
R117H,S945L,responsive_ivacaftor,responsive_ETI,2,3,CF positive,pathogenic_like,pathogenic_like
R117L,R117L,responsive_ivacaftor,responsive_ivacaftor,2,4,CF positive,pathogenic_like,pathogenic_like
R117L,R334W,responsive_ivacaftor,responsive_ETI,2,3,CF positive,pathogenic_like,pathogenic_like
R117L,R347H,responsive_ivacaftor,responsive_ivacaftor,2,3,CF positive,pathogenic_like,pathogenic_like
R117L,R347P,responsive_ivacaftor,responsive_ivacaftor,2,4,CF positive,pathogenic_like,pathogenic_like
R117L,S1251N,responsive_ivacaftor,responsive_ivacaftor,2,3,CF positive,pathogenic_like,pathogenic_like
R117L,S549N,responsive_ivacaftor,responsive_ivacaftor,2,3,CF positive,pathogenic_like,pathogenic_like
R117L,S549R,responsive_ivacaftor,responsive_ETI,2,3,CF positive,pathogenic_like,pathogenic_like
R117L,S945L,responsive_ivacaftor,responsive_ETI,2,3,CF positive,pathogenic_like,pathogenic_like
R334W,R334W,responsive_ETI,responsive_ETI,2,3,CF positive,pathogenic_like,pathogenic_like
R334W,R347H,responsive_ETI,responsive_ivacaftor,2,3,CF positive,pathogenic_like,pathogenic_like
R334W,R347P,responsive_ETI,responsive_ivacaftor,2,3,CF positive,pathogenic_like,pathogenic_like
R334W,S1251N,responsive_ETI,responsive_ivacaftor,2,3,CF positive,pathogenic_like,pathogenic_like
R334W,S549N,responsive_ETI,responsive_ivacaftor,2,3,CF positive,pathogenic_like,pathogenic_like
R334W,S549R,responsive_ETI,responsive_ETI,2,3,CF positive,pathogenic_like,pathogenic_like
R334W,S945L,responsive_ETI,responsive_ETI,2,3,CF positive,pathogenic_like,pathogenic_like
R347H,R347H,responsive_ivacaftor,responsive_ivacaftor,2,3,CF positive,pathogenic_like,pathogenic_like
R347H,R347P,responsive_ivacaftor,responsive_ivacaftor,2,3,CF positive,pathogenic_like,pathogenic_like
R347H,S1251N,responsive_ivacaftor,responsive_ivacaftor,2,3,CF positive,pathogenic_like,pathogenic_like
R347H,S549N,responsive_ivacaftor,responsive_ivacaftor,2,3,CF positive,pathogenic_like,pathogenic_like
R347H,S549R,responsive_ivacaftor,responsive_ETI,2,3,CF positive,pathogenic_like,pathogenic_like
R347H,S945L,responsive_ivacaftor,responsive_ETI,2,3,CF positive,pathogenic_like,pathogenic_like
R347P,R347P,responsive_ivacaftor,responsive_ivacaftor,2,4,CF positive,pathogenic_like,pathogenic_like
R347P,S1251N,responsive_ivacaftor,responsive_ivacaftor,2,3,CF positive,pathogenic_like,pathogenic_like
R347P,S549N,responsive_ivacaftor,responsive_ivacaftor,2,3,CF positive,pathogenic_like,pathogenic_like
R347P,S549R,responsive_ivacaftor,responsive_ETI,2,3,CF positive,pathogenic_like,pathogenic_like
R347P,S945L,responsive_ivacaftor,responsive_ETI,2,3,CF positive,pathogenic_like,pathogenic_like
S1251N,S1251N,responsive_ivacaftor,responsive_ivacaftor,2,3,CF positive,pathogenic_like,pathogenic_like
S1251N,S549N,responsive_ivacaftor,responsive_ivacaftor,2,3,CF positive,pathogenic_like,pathogenic_like
S1251N,S549R,responsive_ivacaftor,responsive_ETI,2,3,CF positive,pathogenic_like,pathogenic_like
S1251N,S945L,responsive_ivacaftor,responsive_ETI,2,3,CF positive,pathogenic_like,pathogenic_like
S549N,S549N,responsive_ivacaftor,responsive_ivacaftor,2,3,CF positive,pathogenic_like,pathogenic_like
S549N,S549R,responsive_ivacaftor,responsive_ETI,2,3,CF positive,pathogenic_like,pathogenic_like
S549N,S945L,responsive_ivacaftor,responsive_ETI,2,3,CF positive,pathogenic_like,pathogenic_like
S549R,S549R,responsive_ETI,responsive_ETI,2,3,CF positive,pathogenic_like,pathogenic_like
S549R,S945L,responsive_ETI,responsive_ETI,2,3,CF positive,pathogenic_like,pathogenic_like
S945L,S945L,responsive_ETI,responsive_ETI,2,3,CF positive,pathogenic_like,pathogenic_like
