Variant,TRUE_CLASS,PREDICTED_CLASS
F508del,II,I
G542X,I,I
G551D,III,III
N1303K,II,II
W1282X,I,I
R117H,IV,IV
3849+10kbC->T,V,V
621+1G->T,I,I
R553X,I,I
2789+5G->A,I,I
1717-1G->A,I,I
"CFTRdele2,3",I,I
D1152H,IV,IV
G85E,II,II
R1162X,I,I
R334W,IV,IV
3272-26A->G,V,V
3120+1G->A,I,I
2183AA->G,I,I
I507del,II,II
R347P,IV,IV
2184insA,I,I
3659delC,I,I
L206W,IV,IV
5T,V,V
A455E,IV,IV
5T;TG12,V,V
1898+1G->A,I,I
R1066C,IV,IV
1677delTA,I,I
R117H;7T,IV,IV
394delTT,I,I
711+1G->T,I,I
R560T,II,II
Q493X,I,I
2184delA,I,I
M470V,,IV
E60X,I,I
P67L,II,II
1154insTC,I,I
R117C,IV,IV
R347H,IV,IV
Y1092X,I,I
R1158X,I,I
M1101K,II,II
E92K,II,II
3905insT,I,I
2143delT,I,I
S549N,III,III
R117H;5T,IV,IV
S945L,IV,IV
1078delT,I,I
S549R,III,III
2789+2insA,I,I
E585X,I,I
L1077P,II,II
V520F,II,II
L997F,II,IV
R1066H,IV,IV
R352Q,IV,IV
G1244E,III,III
D110H,IV,IV
1811+1634A->G,V,V
CFTRdele2,I,I
G178R,II,II
3876delA,I,I
2622+1G->A,I,I
711+3A->G,I,I
I148T,IV,IV
S1251N,III,III
4016insT,I,I
A559T,II,II
1525-1G->A,I,I
R75X,I,I
Q220X,I,I
3120G->A,I,I
4382delA,I,I
S1235R,III,I
P205S,IV,IV
R709X,I,I
P5L,II,II
3199del6,I,I
S466X,I,I
711+5G->A,I,I
5T;TG11,V,
5T;TG13,V,V
V232D,II,II
L138ins,I,I
I336K,II,II
R75Q,IV,IV
E831X,I,I
CFTRdele17a-18,I,I
I1027T,IV,IV
S4X,I,I
W1089X,I,I
F508del;I1027T,,I
"CFTRdele22,23",I,I
T338I,IV,IV
712-1G->T,I,I
F1052V,II,II
D579G,II,II
K710X,I,I
2307insA,I,I
S489X,I,I
1461ins4,I,I
1812-1G->A,I,I
Y122X,I,I
A561E,II,II
L732X,I,I
I1234V,IV,IV
R785X,I,I
L467P,II,II
Q890X,I,I
Q39X,I,I
1248+1G->A,I,I
E92X,I,I
W846X,I,I
2347delG,I,I
G576A,IV,IV
1898+3A->G,V,V
CFTRdele22-24,I,I
406-1G->A,I,I
Y569D,IV,IV
R1070W,II,II
R764X,I,I
E822X,I,I
L1065P,II,II
Q552X,I,I
R1070Q,IV,IV
1716G/A,,I
R851X,I,I
S492F,IV,IV
R668C,IV,IV
V456A,IV,IV
S466X;R1070Q,,
S1196X,I,I
1811+1643G->T,V,V
T854T,,IV
405+1G->A,I,I
2711delT,I,I
457TAT->G,,I
7T,V,
4005+2T->C,I,I
3007delG,I,I
G1349D,III,III
L558S,II,II
S1455X,I,I
574delA,I,I
1259insA,I,I
H609R,IV,IV
L927P,II,II
L1335P,II,II
S341P,IV,IV
Q1313X,I,I
1609delCA,I,I
G1061R,II,II
Q1291H,III,IV
2105-2117del13insAGAAA,I,I
CFTRdup6b-10,,
M1V,I,I
4209TGTT->AA,I,I
D1270N,IV,IV
L218X,I,I
"CFTRdele17a,17b",I,I
1717-8G->A,I,I
2055del9->A,I,I
1949del84,I,I
D614G,IV,IV
W1204X,I,I
Y563N,IV,IV
G1069R,II,IV
L967S,II,IV
A1006E,II,II
T1246I,IV,IV
H199Y,IV,IV
F312del,II,II
G551S,III,IV
Q98X,I,I
Y1032C,IV,IV
E1104X,I,I
S1255X,I,I
3600G->A,I,I
3121-1G->A,I,I
663delT,I,I
3821delT,I,I
935delA,I,I
Q98R,IV,IV
1138insG,I,I
1471delA,I,I
R74W,IV,IV
G126D,II,II
1288insTA,I,I
1548delG,I,I
L227R,II,II
4015delA,I,I
R31C,IV,IV
R792X,I,I
L1254X,I,I
3791delC,I,I
2585delT,I,I
V754M,II,IV
Q1476X,I,I
3600+2insT,I,I
1811+1G->C,I,I
4374+1G->T,I,I
2869insG,I,I
P574H,IV,IV
2118del4,I,I
S1159F,III,II
E193X,I,I
Q359K/T360K,IV,IV
R334L,IV,IV
4326delTC,I,I
CFTRdele4-10,I,I
4005+1G->A,I,I
4040delA,I,I
1341+1G->A,I,I
1161delC,I,I
1367del5,I,I
S912X,I,I
G970D,II,II
W1310X,I,I
L165S,II,II
C276X,I,I
CFTRdele14b-17b,I,I
3849G->A,V,V
W57G,II,II
991del5,I,I
182delT,I,I
3130delA,I,I
G330X,I,I
V562I,IV,IV
S977F,IV,IV
H1054D,IV,IV
E1371X,I,I
852del22,I,I
2043delG,I,I
W401X,I,I
1898+1G->C,I,I
S434X,I,I
Y913X,I,I
306insA,I,I
D110E,IV,IV
3500-2A->G,I,I
3944delGT,I,I
I502T,II,II
G673X,I,I
A613T,IV,IV
T1036N,IV,IV
CFTRdele19-21,I,I
1525-2A->G,I,I
875+1G->A,I,I
CFTRdele4-11,I,I
1213delT,I,I
M1T,I,I
621+3A->G,I,I
I618T,IV,IV
I807M,IV,IV
Y849X,I,I
F1074L,II,II
Y275X,I,I
3667ins4,I,I
444delA,I,I
2183delAA,I,I
E379X,I,I
C524X,I,I
R560K,IV,IV
S1159P,III,III
R1162L,II,II
I1269N,IV,IV
R170H,IV,IV
185+1G->T,I,I
4006-1G->A,I,I
3878delG,I,I
3849+4A->G,V,I
Q525X,I,I
Q1291R,III,IV
CFTRdele2-4,I,I
3132delTG,I,I
Q414X,I,I
G628R,II,II
G970R,II,II
4010del4,I,I
Q1411X,I,I
3121-2A->G,I,I
S1255P,IV,IV
R117L,IV,IV
365-366insT,I,I
2942insT,I,I
CFTRdele16-17b,I,I
1342-2A->C,I,I
1497delGG,I,I
306delTAGA,I,I
1898+5G->T,I,I
P750L,II,IV
W1098R,II,II
3850-1G->A,I,I
1716+1G->A,I,I
2721del11,I,I
3850-3T->G,I,I
124del23bp,I,I
F311L,IV,IV
R334Q,IV,IV
D836Y,IV,IV
A46D,IV,IV
Y1014C,IV,IV
S1118F,IV,IV
H1375P,IV,IV
2991del32,I,I
W57X,I,I
2790-1G->C,I,I
296+1G->T,I,I
3849+40A->G,V,V
405+3A->C,I,I
3849+5G->A,V,V
F508C,II,IV
G622D,II,II
Q1035X,I,I
CFTRdele19,I,I
4374+1G->A,I,I
1249-1G->A,I,I
V470M,,IV
G27X,I,I
M1101R,II,II
R1102X,I,I
V201M,IV,IV
4428insGA,I,I
CFTRdele1,I,I
"CFTRdele19,20",I,I
875+1G->C,I,I
1717-2A->G,I,I
1898+1G->T,I,I
557delT,I,I
2176insC,I,I
2957delT,I,I
125G/C,,IV
D443Y,IV,IV
W496X,I,I
R560S,II,II
M952T,II,II
3143del9,I,I
T1053I,IV,IV
3539del16,I,I
W1098X,I,I
F1099L,II,IV
Q1382X,I,I
Q1412X,I,I
977insA,I,I
L88X,I,I
1898+2T->C,I,I
300delA,I,I
541delC,I,I
622-1G->A,I,I
R352W,IV,IV
G550X,I,I
E56K,IV,IV
E116K,IV,IV
R117G,IV,IV
H139R,IV,IV
E193K,IV,IV
G194V,IV,IV
2594delGT,I,I
2896insAG,I,I
4022insT,I,I
175insT,I,I
663insT,I,I
2752-26A->G,V,I
Q353X,I,I
1343delG,I,I
D513G,IV,IV
S13F,IV,IV
2732insA,I,I
G1249R,III,III
Q1330X,I,I
I1366N,IV,IV
F191V,IV,IV
D192G,IV,IV
2185insC,I,I
3171insC,I,I
CFTRdele11,I,I
CFTRdele9,I,I
CFTRdele4-7,I,I
CFTRdup22,,IV
1811+1G->A,I,I
297-1G->A,I,I
2954delT,I,I
541del4,I,I
3028delA,I,I
1833delT,I,I
3359delCT,I,I
1002-2A->G,I,I
9T,V,
G314E,IV,IV
L320V,IV,IV
Q359R,IV,IV
R516G,IV,IV
G646X,I,I
R933G,IV,IV
Q1042X,I,I
442delA,I,I
R258G,IV,IV
4218insT,I,I
"CFTRdele3-10,14b-16",I,I
CFTR50kbdel,I,I
CFTRdele18,I,I
"CFTRdele17b,18",I,I
296+1G->A,I,I
3601-2A->G,I,I
1524+1G->A,I,I
3171delC,I,I
1924del7,I,I
3129del4,I,I
3849+1G->A,I,I
175delC,I,I
c.488delA,I,I
296+28A->G,V,V
L346P,II,II
A349V,IV,IV
Q2X,I,I
F575Y,IV,IV
E588V,IV,IV
S912L,IV,IV
V1240G,IV,IV
W1274X,I,I
L1480P,II,II
A120T,IV,IV
G149R,IV,IV
G194R,IV,IV
M265R,II,IV
CFTRdele10,I,I
"CFTRdele13,14a",I,I
CFTRdele18-20,I,I
CFTRdele4-8,I,I
406-2A->G,I,I
892delA,I,I
1215delG,I,I
1782delA,I,I
Q781X,I,I
E60K,IV,IV
W1098C,II,II
W1145X,I,I
V1153E,IV,IV
S1206X,I,I
R1283M,IV,IV
P99L,IV,IV
602del14,I,I
CFTRdele15,I,I
CFTRdele20,I,I
CFTRdele21,I,I
CFTRdup19,,IV
CFTRdup10-12,,
CFTRdup8-10,,
Q2X;R3W,,I
W1282X;R1283M,,I
3271delGG,I,I
1824delA,I,I
2522insC,I,I
p.S1347PfsX13,I,I
1874insT,I,I
3154delG,I,I
297-3C->T,I,I
2603delT,I,I
c.1084_1088dup,I,II
Q290X,I,I
Y362X,I,I
E407X,I,I
V456F,IV,IV
L15P,IV,IV
Y563D,IV,IV
I601F,II,II
G27R,IV,IV
E664X,I,I
R31L,IV,IV
Q720X,I,I
2372del8,I,I
W882X,I,I
W79X,I,I
Q1281X,I,I
G91R,IV,IV
L1324P,II,I
L101X,I,I
G103X,I,I
Y161D,IV,IV
G194X,I,I
C225X,I,I
Q237E,IV,IV
W277X,I,I
2556insAT,I,I
4279insA,I,I
CFTRdele14a,I,I
"CFTRdele14b,15",I,I
1119delA,I,I
1774delCT,I,I
3737delA,I,I
2634insT,I,I
3056delGA,I,I
366insC,I,I
1601delT,I,I
c.2556dupT,I,I
183delC,I,I
L453S,IV,IV
W19X,I,I
G745X,I,I
F1016S,IV,IV
H1085P,II,II
Y84X,I,I
S1248X,I,I
Q1291X,I,I
L102R,IV,IV
Y109X,I,I
R117P,IV,IV
W202X,I,I
CFTRdele17a,I,I
CFTRdele22,I,I
CFTRdele10-14b,I,I
CFTRdele14a-15,I,I
296+1G->C,I,I
1811+2T->C,I,I
1898+2T->A,I,I
3040+1G->A,I,I
621+2T->C,I,I
2790-2A->G,I,I
1716+2T->C,I,I
712-2A->G,I,I
297-2A->G,I,I
2108delA,I,I
1434delA,I,I
1366delG,I,I
1504delG,I,I
2723delTT,I,I
3732delA,I,I
4259del5,I,I
675del4,I,I
909delT,I,I
712-2A->C,I,I
2686dupT,I,I
604insA,I,I
840delT,I,I
E292X,I,I
1429del7,I,I
E474K,IV,IV
E514X,I,I
Y563X,I,I
Q652X,I,I
Q685X,I,I
Q715X,I,I
D924N,IV,IV
K978X,I,I
W1063X,I,I
K68X,I,I
K1302X,I,I
E1308X,I,I
Q1309X,I,I
Q207X,I,I
W216X,I,I
3349insT,I,I
CFTRdele17b,I,I
CFTRdup1-3,,
F508C;S1251N,,IV
406-1G->C,I,I
2752-2A->G,V,I
876-2A->G,I,I
3940delG,I,I
630delG,I,I
1006_1007delGA,I,I
593insT,I,I
896delT,I,I
2075delA,I,I
681delC,I,I
1199delG,I,I
2634delT,I,I
3528delC,I,I
3662delA,I,I
1112delT,I,I
1802delC,I,I
181_182dup,I,IV
4271delC,I,I
3750delAG,I,I
296+3insT,I,I
710_711+5del7,I,I
3271+1delG,I,I
c.3883_3884insG,I,I
c.2053_2054insAA,I,I
1787delA,I,I
D443fs,I,I
W356X,I,I
W361X,I,I
K381X,I,I
Y577X,I,I
K598X,I,I
E656X,I,I
W679X,I,I
E33X,I,I
S962X,I,I
D979V,IV,IV
R1128X,I,I
Q1144X,I,I
E1266X,I,I
Q1280X,I,I
Q1390X,I,I
Q179X,I,I
4168delCTAAGCC,I,I
CFTRdele3,I,I
CFTRdele4,I,I
CFTRdele8,I,I
CFTRdele1-10,I,I
CFTRdele1-9,I,I
CFTRdele16-20,I,I
CFTRdele2-10,I,I
CFTRdele4-6ains6,I,I
"CFTRdele4-8,12-21",I,I
"CFTRdele8,9",I,I
CFTRdelePr-3,I,I
CFTRdup2,,
CFTRdup4-10,,
"CFTRdup6b,7",,
3600+1G->T,I,I
296+2T->G,I,I
621+1G->A,I,I
1717-1G->T,I,I
2751+2T->C,I,I
1001+1G->C,I,I
296+2T->C,I,I
186-1G->A,I,I
875+2T->C,I,I
3497delC,I,I
1540del10,I,I
2053insTA,I,I
1353delA,I,I
c.142_145delAATC,I,I
2221insA,I,I
c.2261delT,I,I
3667del4,I,I
733delG,I,I
849delG,I,I
1460delAT,I,I
295ins8,I,I
2335delA,I,I
2557delT,I,I
2937_2942delinsTCAGA,I,I
2949del5,I,I
3143delC,I,I
435insA,I,I
556delA,I,I
c.49_50delTT,I,I
1601delTC,I,I
464delC,I,I
3600+5G->A,I,I
622-1G->C,I,I
3271+1G->A,I,I
3499+1G->A,I,I
1248+1G->C,I,I
1342-1delG,I,I
1309delG,I,I
1465_1466insTAAT,I,I
1289insTA,I,I
c.2089delA,I,I
3617delGA,I,I
174delA,I,I
c.3477delT,I,I
Y304X,I,I
Q372X,I,I
Q378X,I,I
E402X,I,I
K442X,I,I
E528X,I,I
L568X,I,I
Y569X,I,I
E588X,I,I
S660X,I,I
K688X,I,I
Q30X,I,I
L719X,I,I
E730X,I,I
Q767X,I,I
Q779X,I,I
R810X,I,I
Q814X,I,I
E815X,I,I
E826X,I,I
K830X,I,I
E56X,I,I
G1003X,I,I
L1011X,I,I
Y1182X,I,I
G85X,I,I
G1247X,I,I
G1287X,I,I
Y1307X,I,I
W1316X,I,I
Y1381X,I,I
E1401X,I,I
Q151X,I,I
CFTRdele12,I,I
CFTRdele7,I,I
CFTRdele1-24,I,I
CFTRdele11-18,I,I
CFTRdele14a-17b,I,I
"CFTRdele16,17a",I,I
CFTRdele2-6b,I,I
"CFTRdele9,10",I,I
"CFTRdup16,17a",,
CFTRdup22-24,,
CFTRdup6b-16,,
1812-2A->C,I,I
3272-1G->A,I,I
1342-1G->C,I,I
3271+2T->C,I,I
3600+1G->A,I,I
621+2T->G,I,I
185+2T->C,I,I
710del4,I,I
1341+1G->T,I,I
185+2T->G,I,I
405+2T->G,I,I
982delA,I,I
1058delC,I,I
525delT,I,I
c.1375_1385del,I,I
284delA,I,I
2113delA,I,I
3041delG,I,I
3396delC,I,I
3521del14,I,I
3622insT,I,I
489delC,I,I
3730A->TCT,,I
680delT,I,I
1221delCT,I,I
1291delTT,I,I
1556delT,I,I
1576insT,I,I
1813insC,I,I
1918delGC,I,I
c.1807delG,I,I
1978dupA,I,I
2189CT->A,,I
c.2148delG,I,I
2481-2482insT,I,I
2708del13,I,I
156insG,I,I
2837delG,I,I
2907delTT,I,I
3095insT,I,I
3293delA,I,I
3359delCTCTG,I,I
3532AC->GTA,,I
3747delC,I,I
4064-4065delinsAATATG,I,I
4108delT,I,I
4177delG,I,I
4222delG,I,I
542del7,I,I
654del5,I,I
675del14,I,I
c.551_555delTTTCC,I,I
713delGA,I,I
c.604_605delTG,I,I
840insT,I,I
2655del26,I,I
4160insG,I,I
M1L,I,I
1812-1G->C,I,I
1001+2T->A,I,I
4095+1G->T,I,I
4096-1G->A,I,I
3041-1G->C,I,I
3601-1G->C,I,I
711+2T->C,I,I
1001+2T->G,I,I
1716+2delT,I,I
3499+2T->A,I,I
3041-1G->A,I,I
4040dupA,I,I
1675_1687del13,I,I
c.3231_3232delGT,I,I
3454delG,I,I
3967delTT,I,I
c.40_44delAAACT,I,I
c.4028delG,I,I
c.1608delA,I,I
c.1708_1712delTTATT,I,I
1857delT,I,I
c.2357dupA,I,I
c.324delC,I,I
c.3495delG,I,I
538insAC,I,I
565delC,I,I
624delT,I,I
c.1219delG,I,I
1565delCA,I,I
1660delG,I,I
1845delAG/1846delGA,I,I
c.1853_1863del,I,I
c.2045delC,I,I
2406_2407delinsT,I,I
2466delC,I,I
2472_2478del7,I,I
c.2879_2882delCTAT,I,I
c.3180delA,I,I
c.3325delA,I,I
c.3426_3427insGTAA,I,I
4332delTG,I,I
c.4delC,I,I
954delA,I,I
c.1312dupA,I,I
c.1573delC,I,I
c.2805_2810delinsTCAGA,I,I
3061insA,I,I
c.3525_3537del,I,I
3750delA,I,I
3755delG,I,I
690delC,I,I
L240X,I,I
c.775delinsGCTGGGAAGAT,I,I
M1I,I,I
L320X,I,I
K329X,I,I
Q376X,I,I
Q452X,I,I
E479X,I,I
E504X,I,I
Y517X,I,I
E527X,I,I
K14X,I,I
K536X,I,I
R555X,I,I
L570X,I,I
L581X,I,I
S631X,I,I
Q634X,I,I
R657X,I,I
E692X,I,I
Y38X,I,I
Q799X,I,I
L812X,I,I
K52X,I,I
E54X,I,I
K946X,I,I
K951X,I,I
Q996X,I,I
Q1012X,I,I
S1037X,I,I
Q1038X,I,I
E1044X,I,I
E1046X,I,I
L1059X,I,I
Q1100X,I,I
K1165X,I,I
S1178X,I,I
Q1186X,I,I
L1243X,I,I
L1253X,I,I
K1351X,I,I
C1400X,I,I
E1409X,I,I
C1410X,I,I
R104X,I,I
K114X,I,I
L159X,I,I
L165X,I,I
Q237X,I,I
Y247X,I,I
Q250X,I,I
Q270X,I,I
E279X,I,I
R289X,I,I
CFTRdele13,I,I
CFTRdele14b,I,I
CFTRdele23,I,I
CFTRdele6b,I,I
"CFTRdele1,10",I,I
"CFTRdele1,11-24",I,I
"CFTRdele11-15,17a,17b",I,I
"CFTRdele12,13,16",I,I
CFTRdele14b-20,I,I
IVS15+1085_IVS17B+260del7201,I,I
CFTRdele16-18,I,I
CFTRdele18-24,I,I
CFTRdele19-24,I,I
CFTRdele2-22,I,I
CFTRdele2-7,I,I
CFTRdele2-8,I,I
CFTRdele2-9,I,I
"CFTRdele2,3,10",I,I
CFTRdele20-23,I,I
"FTRdele23,24",I,I
"CFTRdele5,6a",I,I
"CFTRdele7,8",I,I
CFTRdelePr-9,I,I
CFTRdup1,,I
CFTRdup14a-19,,
CFTRdup14b-17b,,
CFTRdup16-18,,
CFTRdup16-20,,
CFTRdup16-22,,
CFTRdup2-4,,
"CFTRdup22,23",,
CFTRdup4-19,,
CFTRdup4-8,,
"CFTRdup6a,6b",,
3413_3499+268del355PBins6PB,I,I
3499+1G->T,I,I
4095+1G->C,I,I
1248insATCAA,I,I
1341+1G->C,I,I
1341+2T->G,I,I
1342-1G->T,I,I
1524+1delG,I,I
1898+2delT,I,I
2751+2T->A,I,I
2752-1G->T,I,I
406-2A->C,I,I
3121-2A->T,I,I
3499+2T->C,I,I
3500-1G->A,I,I
4095+1G->A,I,I
622-2A->C,I,I
186-2A->G,I,I
2623-2A->G,I,I
3121-1G->T,I,I
3121-2A->C,I,I
3601-1G->A,I,I
2104insA,I,I
2215delG,I,I
2640delT,I,I
1157insTA,I,I
1249insA,I,I
241delAT,I,I
1262delA,I,I
1288insA,I,I
1294del7,I,I
1380insT,I,I
1498delG,I,I
1571delG,I,I
1749insTA,I,I
1806delA,I,I
1874_1875insTT,I,I
1932delG,I,I
1942del17,I,I
1978delA,I,I
317insC,I,I
2005delTA,I,I
2109-2118del10,I,I
2118del14,I,I
2132delAC,I,I
2175insA,I,I
2409delC,I,I
2435insC,I,I
2456delAC,I,I
2512delG,I,I
2586-2687insT,I,I
2747delC,I,I
c.2732_2733insA,I,I
c.2733insA,I,I
2935del11,I,I
948delA,I,I
2951insA,I,I
415insA,I,I
3011delC,I,I
3015_3018dupGTCA,I,I
3029delC,I,I
3031-3032delinsA,I,I
3213-3214insT,I,I
3238delA,I,I
3422del16,I,I
3425delG,I,I
3447delG,I,I
3516del5,I,I
3556insAGTA,I,I
c.3539_3554del,I,I
3731-3732AA->G,I,I
3755dupG,I,I
3789insA,I,I
499dupC,I,IV
3856delC,I,I
3886insA,I,I
3889dupT,I,I
3898insC,I,I
3905delT,I,I
3959delC,I,I
3960-3961delA,I,I
4089delA,I,I
4165delGT,I,I
4197_4198delCT,I,I
4203TAG->AA,I,I
582insG,I,I
605insT,I,I
746insC,I,I
905delG,I,I
1037insA,I,I
1040del4,I,I
c.982delA,I,I
1185delTC,I,I
308insA,I,I
2222delG,I,I
c.2489_2490insA,I,I
2694delT,I,I
2777insTG,I,I
2909delT,I,I
3139delG,I,I
3456delC,I,I
3629delT,I,I
3724delG,I,I
3840delT,I,I
4006delA,I,I
519delT,I,I
4172delGC,I,I
936delTA,I,I
218insA,I,I
1491-1500del,I,I
4301delA,I,I
749delT,I,I
c.234delC,I,I
4048insCC,I,I
T388X,I,I
K716X,I,I
2787del16,I,I
c.2982_2988+2delCATCCAGGT,I,I
M1K,I,I
3165dupA,I,I
3271+1G->T,I,I
1248+1G->T,I,I
1248+2T->C,I,I
3500-2A->T,I,I
3040+1G->T,I,I
1248+2T->A,I,I
1341+2T->A,I,I
1342-1G->A,I,I
1525-1G->C,I,I
1525-1G->T,I,I
1716+1G->T,I,I
296+2T->A,I,I
1899-1G->A,I,I
1898-2A->G,I,I
2623-1G->C,I,I
2751+1G->A,I,I
2790-1G->T,I,I
3120+1G->C,I,I
3271+1G->C,I,I
3601-1G->T,I,I
3601-2A->C,I,I
4006-2A->G,I,I
4268+2T->G,I,I
622-1G->T,I,I
875+2T->A,I,I
1002-2A->C,I,I
4005+1G->T,I,I
1342-2delAG,I,I
2003del8,I,I
2036delA,I,I
2967delG,I,I
c.3893delG,I,I
c.3380_3383del,I,I
1200_1219del20,I,I
1204_1205delGT,I,I
1212delA,I,I
c.1115delA,I,I
c.1190dupT,I,I
1340delA,I,I
c.1244delA,I,I
c.1262delC,I,I
c.147_150delATCT,I,I
c.1486delT,I,I
c.1547_1548delGA,I,I
c.1581dupA,I,I
1759delG,I,I
1784delG,I,I
1807delG,I,I
c.1725_1727delinsAT,I,I
1870delG,I,I
305insT,I,I
c.1753delG,I,I
2025dupA,I,I
c.1894_1895del,I,I
c.1970delG,I,I
c.2032_2033delTC,I,I
2184del4,I,I
c.2053delC,I,I
2193ins4,I,I
2290del16,I,I
c.2250delT,I,I
2429delG,I,I
2510delAA,I,I
c.2433_2437delinsATA,I,I
c.243delT,I,I
c.2467_2470delGAAA,I,I
379-381insT,I,I
c.2493delG,I,I
2672delA,I,I
c.2573delG,I,I
2737delA,I,I
c.2745_2746delGT,I,I
c.2818_2831del,I,I
c.2839delA,I,I
2975delT,I,I
c.2909_2924dup16,I,I
3090del4,I,I
3126delA,I,I
3152delT,I,I
Q1042TfsX5,I,I
3359delC,I,I
458delAT,I,I
3453delT,I,I
c.3321dup,I,I
c.3322_3323delGT,I,I
c.3344_3345insA,I,I
c.3411_3414delGAAT,I,I
3613AGCCGA->GG,I,I
c.3524delC,I,I
c.353delC,I,I
3695delC,I,I
c.3569_3570delTT,I,I
3847delA,I,I
3892delTT,I,I
c.381_382dup,I,IV
c.3889delT,I,I
526_527delAT,I,I
4089ins4,I,I
4120delCA,I,I
c.3999delG,I,I
c.4036dupC,I,I
4168delCTAAG,I,I
c.4078delG,I,I
4237-4242delinsAGAA,I,I
c.4163_4167delTAAAA,I,I
c.43dupC,I,IV
c.450delG,I,I
583delC,I,I
c.560delA,I,I
708delT,I,I
c.650_659del,I,I
c.71_72delTGinsA,I,I
845_846insA,I,I
c.811delT,I,I
c.865_869delAGACA,I,I
c.912delCinsGG,I,I
c.937_938delTC,I,I
c.942delG,I,I
c.972delC,I,I
c.991_995del,I,I
c.3678delA,I,I
c.1530_1531delTT,I,I
c.2538delG,I,I
3089insTC,I,I
1474delA,I,I
1784insATCAT,I,I
2114delT,I,I
c.2337delA,I,I
c.2341delC,I,I
c.264_268delATATT,I,I
c.2789delG,I,I
3012delT,I,I
c.3199delG,I,I
c.3635delT,I,I
547insTA,I,I
c.4187delC,I,I
c.583delC,I,I
c.88_89delCA,I,I
1027delG,I,I
S531X,I,I
994del9,I,I
1710del17bp,I,I
875insTACA,I,I
M1R,I,I
405+7982del18652,I,I
1419delC,I,I
IVS11-1G->C,I,
c.3033dup,I,I
c.3407_3422del16,I,I
3407_3422del16,I,I
CFTRdelePr-1,I,I
3121-977_3499+248del2515,I,I
IVSI-5842_IVS4+401del,I,I
